timestamp,run_id,scenario,step,target,status,duration_sec,message
2026-07-22T15:25:23+09:00,20260722-152523,switch-to-onprem,check_context,eks-a,SUCCESS,0,"completed"
2026-07-22T15:25:23+09:00,20260722-152523,switch-to-onprem,check_context,kubernetes-admin@kubernetes,SUCCESS,0,"completed"
2026-07-22T15:25:23+09:00,20260722-152523,switch-to-onprem,check_onprem_cluster,kubernetes-admin@kubernetes,SUCCESS,0,"completed"
2026-07-22T15:25:33+09:00,20260722-152523,switch-to-onprem,internal_health_before_switch,onprem,FAILED,8,"exit_code=6"
2026-07-22T15:25:33+09:00,20260722-152523,switch-to-onprem,total,switch-to-onprem,FAILED,10,"온프레미스 전환 실패 및 replica 롤백 수행"
2026-07-22T15:26:07+09:00,20260722-152607,switch-to-onprem,check_context,eks-a,SUCCESS,0,"completed"
2026-07-22T15:26:07+09:00,20260722-152607,switch-to-onprem,check_context,kubernetes-admin@kubernetes,SUCCESS,0,"completed"
2026-07-22T15:26:07+09:00,20260722-152607,switch-to-onprem,check_onprem_cluster,kubernetes-admin@kubernetes,SUCCESS,0,"completed"
2026-07-22T15:26:16+09:00,20260722-152607,switch-to-onprem,internal_health_before_switch,onprem,FAILED,8,"exit_code=6"
2026-07-22T15:26:16+09:00,20260722-152607,switch-to-onprem,total,switch-to-onprem,FAILED,9,"온프레미스 전환 실패 및 replica 롤백 수행"
2026-07-22T15:31:52+09:00,20260722-153152,switch-to-onprem,check_context,eks-a,SUCCESS,0,"completed"
2026-07-22T15:31:52+09:00,20260722-153152,switch-to-onprem,check_context,kubernetes-admin@kubernetes,SUCCESS,0,"completed"
2026-07-22T15:31:52+09:00,20260722-153152,switch-to-onprem,check_onprem_cluster,kubernetes-admin@kubernetes,SUCCESS,0,"completed"
2026-07-22T15:31:56+09:00,20260722-153152,switch-to-onprem,internal_health_before_switch,onprem,SUCCESS,3,"completed"
2026-07-22T15:31:58+09:00,20260722-153152,switch-to-onprem,activate_cloudflared,onprem,SUCCESS,2,"completed"
2026-07-22T15:32:00+09:00,20260722-153152,switch-to-onprem,deactivate_cloudflared,eks-a,SUCCESS,1,"completed"
2026-07-22T15:34:51+09:00,20260722-153152,switch-to-onprem,external_health_after_switch,onprem,FAILED,171,"exit_code=1"
2026-07-22T15:40:45+09:00,20260722-154045,switch-to-onprem,check_context,eks-a,SUCCESS,0,"completed"
2026-07-22T15:40:45+09:00,20260722-154045,switch-to-onprem,check_context,kubernetes-admin@kubernetes,SUCCESS,0,"completed"
2026-07-22T15:40:45+09:00,20260722-154045,switch-to-onprem,check_onprem_cluster,kubernetes-admin@kubernetes,SUCCESS,0,"completed"
2026-07-22T15:40:50+09:00,20260722-154045,switch-to-onprem,internal_health_before_switch,onprem,SUCCESS,3,"completed"
2026-07-22T15:40:52+09:00,20260722-154045,switch-to-onprem,activate_cloudflared,onprem,SUCCESS,2,"completed"
2026-07-22T15:40:54+09:00,20260722-154045,switch-to-onprem,deactivate_cloudflared,eks-a,SUCCESS,2,"completed"
2026-07-22T15:40:55+09:00,20260722-154045,switch-to-onprem,external_health_after_switch,onprem,SUCCESS,1,"completed"
2026-07-22T15:40:56+09:00,20260722-154045,switch-to-onprem,total,switch-to-onprem,SUCCESS,11,"온프레미스 긴급 우회 완료"
2026-07-22T15:56:34+09:00,20260722-155634,switch-to-onprem,check_context,eks-a,SUCCESS,0,"completed"
2026-07-22T15:56:34+09:00,20260722-155634,provision-and-switch-to-dr,check_onprem_context,kubernetes-admin@kubernetes,SUCCESS,0,"completed"
2026-07-22T15:56:34+09:00,20260722-155634,provision-and-switch-to-dr,check_onprem_cluster,kubernetes-admin@kubernetes,SUCCESS,0,"completed"
2026-07-22T15:56:34+09:00,20260722-155634,switch-to-onprem,check_context,kubernetes-admin@kubernetes,SUCCESS,0,"completed"
2026-07-22T15:56:34+09:00,20260722-155634,provision-and-switch-to-dr,total,provision-and-switch-to-dr,FAILED,0,"02-eks Terraform apply 실패"
2026-07-22T15:56:34+09:00,20260722-155634,switch-to-onprem,check_onprem_cluster,kubernetes-admin@kubernetes,SUCCESS,0,"completed"
2026-07-22T15:56:38+09:00,20260722-155634,switch-to-onprem,internal_health_before_switch,onprem,SUCCESS,3,"completed"
2026-07-22T15:56:39+09:00,20260722-155634,switch-to-onprem,activate_cloudflared,onprem,SUCCESS,1,"completed"
2026-07-22T15:56:42+09:00,20260722-155634,switch-to-onprem,deactivate_cloudflared,eks-a,SUCCESS,2,"completed"
2026-07-22T15:56:42+09:00,20260722-155634,switch-to-onprem,external_health_after_switch,onprem,SUCCESS,0,"completed"
2026-07-22T15:56:43+09:00,20260722-155634,switch-to-onprem,total,switch-to-onprem,SUCCESS,9,"온프레미스 긴급 우회 완료"
2026-07-22T16:01:03+09:00,20260722-160103,switch-to-onprem,check_context,eks-a,SUCCESS,0,"completed"
2026-07-22T16:01:03+09:00,20260722-160103,switch-to-onprem,check_context,kubernetes-admin@kubernetes,SUCCESS,0,"completed"
2026-07-22T16:01:03+09:00,20260722-160103,switch-to-onprem,check_onprem_cluster,kubernetes-admin@kubernetes,SUCCESS,0,"completed"
2026-07-22T16:01:07+09:00,20260722-160103,switch-to-onprem,internal_health_before_switch,onprem,SUCCESS,3,"completed"
2026-07-22T16:01:08+09:00,20260722-160103,switch-to-onprem,activate_cloudflared,onprem,SUCCESS,1,"completed"
2026-07-22T16:01:11+09:00,20260722-160103,switch-to-onprem,deactivate_cloudflared,eks-a,SUCCESS,2,"completed"
2026-07-22T16:01:12+09:00,20260722-160103,switch-to-onprem,external_health_after_switch,onprem,SUCCESS,1,"completed"
2026-07-22T16:01:12+09:00,20260722-160103,switch-to-onprem,total,switch-to-onprem,SUCCESS,9,"온프레미스 긴급 우회 완료"
2026-07-22T16:03:30+09:00,20260722-160330,switch-to-onprem,check_context,eks-a,SUCCESS,0,"completed"
2026-07-22T16:03:30+09:00,20260722-160330,provision-dr,check_onprem_context,kubernetes-admin@kubernetes,SUCCESS,0,"completed"
2026-07-22T16:03:31+09:00,20260722-160330,switch-to-onprem,check_context,kubernetes-admin@kubernetes,SUCCESS,1,"completed"
2026-07-22T16:03:31+09:00,20260722-160330,provision-dr,check_onprem_cluster,kubernetes-admin@kubernetes,SUCCESS,1,"completed"
2026-07-22T16:03:31+09:00,20260722-160330,switch-to-onprem,check_onprem_cluster,kubernetes-admin@kubernetes,SUCCESS,0,"completed"
2026-07-22T16:03:35+09:00,20260722-160330,provision-dr,terraform_init_02-eks,02-eks,SUCCESS,4,"completed"
2026-07-22T16:03:36+09:00,20260722-160330,switch-to-onprem,internal_health_before_switch,onprem,SUCCESS,4,"completed"
2026-07-22T16:03:39+09:00,20260722-160330,switch-to-onprem,activate_cloudflared,onprem,SUCCESS,3,"completed"
2026-07-22T16:03:42+09:00,20260722-160330,switch-to-onprem,deactivate_cloudflared,eks-a,SUCCESS,2,"completed"
2026-07-22T16:03:43+09:00,20260722-160330,switch-to-onprem,external_health_after_switch,onprem,SUCCESS,1,"completed"
2026-07-22T16:03:43+09:00,20260722-160330,switch-to-onprem,total,switch-to-onprem,SUCCESS,13,"온프레미스 긴급 우회 완료"
2026-07-22T16:03:44+09:00,20260722-160330,provision-dr,terraform_apply_02-eks,02-eks,SUCCESS,9,"completed"
2026-07-22T16:03:47+09:00,20260722-160330,provision-dr,update_kubeconfig,eks-b,SUCCESS,1,"completed"
2026-07-22T16:03:47+09:00,20260722-160330,provision-dr,check_eks_b_context,eks-b,SUCCESS,0,"completed"
2026-07-22T16:03:47+09:00,20260722-160330,provision-dr,check_eks_b_cluster,eks-b,SUCCESS,0,"completed"
2026-07-22T16:03:48+09:00,20260722-160330,provision-dr,wait_eks_b_nodes,eks-b,SUCCESS,1,"completed"
2026-07-22T16:03:52+09:00,20260722-160330,provision-dr,terraform_init_03-platform,03-platform,SUCCESS,4,"completed"
2026-07-22T16:04:24+09:00,20260722-160330,provision-dr,terraform_apply_03-platform,03-platform,SUCCESS,32,"completed"
2026-07-22T16:04:49+09:00,20260722-160330,provision-dr,terraform_init_04-eks-workloads,04-eks-workloads,SUCCESS,25,"completed"
2026-07-22T16:05:50+09:00,20260722-160330,provision-dr,terraform_apply_04-eks-workloads,04-eks-workloads,SUCCESS,61,"completed"
2026-07-22T16:06:13+09:00,20260722-160330,provision-dr,terraform_init_05-eks-autoscaling,05-eks-autoscaling,SUCCESS,23,"completed"
2026-07-22T16:07:15+09:00,20260722-160330,provision-dr,terraform_apply_05-eks-autoscaling,05-eks-autoscaling,SUCCESS,61,"completed"
2026-07-22T16:07:15+09:00,20260722-160330,provision-dr,wait_argocd_cluster_secret,onprem-argocd,SUCCESS,0,"completed"
2026-07-22T16:07:15+09:00,20260722-160330,provision-dr,apply_applicationsets,onprem-argocd,FAILED,0,"exit_code=1"
2026-07-22T16:07:15+09:00,20260722-160330,provision-dr,total,provision-dr,FAILED,225,"ApplicationSet 적용 실패"
2026-07-22T16:12:59+09:00,20260722-161259,switch-to-onprem,check_context,eks-a,SUCCESS,0,"completed"
2026-07-22T16:12:59+09:00,20260722-161259,provision-dr,check_onprem_context,kubernetes-admin@kubernetes,SUCCESS,0,"completed"
2026-07-22T16:12:59+09:00,20260722-161259,switch-to-onprem,check_context,kubernetes-admin@kubernetes,SUCCESS,0,"completed"
2026-07-22T16:12:59+09:00,20260722-161259,provision-dr,check_onprem_cluster,kubernetes-admin@kubernetes,SUCCESS,0,"completed"
2026-07-22T16:12:59+09:00,20260722-161259,switch-to-onprem,check_onprem_cluster,kubernetes-admin@kubernetes,SUCCESS,0,"completed"
2026-07-22T16:13:06+09:00,20260722-161259,switch-to-onprem,internal_health_before_switch,onprem,SUCCESS,4,"completed"
2026-07-22T16:13:06+09:00,20260722-161259,provision-dr,terraform_init_02-eks,02-eks,SUCCESS,7,"completed"
2026-07-22T16:13:06+09:00,20260722-161259,switch-to-onprem,activate_cloudflared,onprem,SUCCESS,0,"completed"
2026-07-22T16:13:09+09:00,20260722-161259,switch-to-onprem,deactivate_cloudflared,eks-a,SUCCESS,2,"completed"
2026-07-22T16:13:10+09:00,20260722-161259,switch-to-onprem,external_health_after_switch,onprem,SUCCESS,1,"completed"
2026-07-22T16:13:10+09:00,20260722-161259,switch-to-onprem,total,switch-to-onprem,SUCCESS,11,"온프레미스 긴급 우회 완료"
2026-07-22T16:13:13+09:00,20260722-161259,provision-dr,terraform_apply_02-eks,02-eks,SUCCESS,7,"completed"
2026-07-22T16:13:15+09:00,20260722-161259,provision-dr,update_kubeconfig,eks-b,SUCCESS,0,"completed"
2026-07-22T16:13:15+09:00,20260722-161259,provision-dr,check_eks_b_context,eks-b,SUCCESS,0,"completed"
2026-07-22T16:13:16+09:00,20260722-161259,provision-dr,check_eks_b_cluster,eks-b,SUCCESS,1,"completed"
2026-07-22T16:13:17+09:00,20260722-161259,provision-dr,wait_eks_b_nodes,eks-b,SUCCESS,1,"completed"
2026-07-22T16:13:20+09:00,20260722-161259,provision-dr,terraform_init_03-platform,03-platform,SUCCESS,3,"completed"
2026-07-22T16:13:24+09:00,20260722-161259,provision-dr,terraform_apply_03-platform,03-platform,SUCCESS,4,"completed"
2026-07-22T16:13:27+09:00,20260722-161259,provision-dr,terraform_init_04-eks-workloads,04-eks-workloads,SUCCESS,3,"completed"
2026-07-22T16:13:34+09:00,20260722-161259,provision-dr,terraform_apply_04-eks-workloads,04-eks-workloads,SUCCESS,7,"completed"
2026-07-22T16:13:36+09:00,20260722-161259,provision-dr,terraform_init_05-eks-autoscaling,05-eks-autoscaling,SUCCESS,2,"completed"
2026-07-22T16:14:04+09:00,20260722-161259,provision-dr,terraform_apply_05-eks-autoscaling,05-eks-autoscaling,SUCCESS,28,"completed"
2026-07-22T16:14:04+09:00,20260722-161259,provision-dr,wait_argocd_cluster_secret,onprem-argocd,SUCCESS,0,"completed"
2026-07-22T16:14:05+09:00,20260722-161259,provision-dr,apply_applicationsets,onprem-argocd,SUCCESS,1,"completed"
2026-07-22T16:29:29+09:00,20260722-161259,provision-dr,wait_eks_b_gitops_applications,eks-b,FAILED,924,"exit_code=1"
2026-07-22T16:29:29+09:00,20260722-161259,provision-dr,total,provision-dr,FAILED,990,"EKS-B GitOps Application 배포 실패"
2026-07-22T16:30:43+09:00,20260722-163043,switch-to-onprem,check_context,eks-a,SUCCESS,0,"completed"
2026-07-22T16:30:43+09:00,20260722-163043,provision-dr,check_onprem_context,kubernetes-admin@kubernetes,SUCCESS,0,"completed"
2026-07-22T16:30:43+09:00,20260722-163043,switch-to-onprem,check_context,kubernetes-admin@kubernetes,SUCCESS,0,"completed"
2026-07-22T16:30:43+09:00,20260722-163043,provision-dr,check_onprem_cluster,kubernetes-admin@kubernetes,SUCCESS,0,"completed"
2026-07-22T16:30:43+09:00,20260722-163043,switch-to-onprem,check_onprem_cluster,kubernetes-admin@kubernetes,SUCCESS,0,"completed"
2026-07-22T16:30:46+09:00,20260722-163043,provision-dr,terraform_init_02-eks,02-eks,SUCCESS,3,"completed"
2026-07-22T16:30:48+09:00,20260722-163043,switch-to-onprem,internal_health_before_switch,onprem,SUCCESS,3,"completed"
2026-07-22T16:30:48+09:00,20260722-163043,switch-to-onprem,activate_cloudflared,onprem,SUCCESS,0,"completed"
2026-07-22T16:30:51+09:00,20260722-163043,switch-to-onprem,deactivate_cloudflared,eks-a,SUCCESS,2,"completed"
2026-07-22T16:30:52+09:00,20260722-163043,switch-to-onprem,external_health_after_switch,onprem,SUCCESS,1,"completed"
2026-07-22T16:30:52+09:00,20260722-163043,switch-to-onprem,total,switch-to-onprem,SUCCESS,9,"온프레미스 긴급 우회 완료"
2026-07-22T16:30:54+09:00,20260722-163043,provision-dr,terraform_apply_02-eks,02-eks,SUCCESS,8,"completed"
2026-07-22T16:30:56+09:00,20260722-163043,provision-dr,update_kubeconfig,eks-b,SUCCESS,1,"completed"
2026-07-22T16:30:56+09:00,20260722-163043,provision-dr,check_eks_b_context,eks-b,SUCCESS,0,"completed"
2026-07-22T16:30:57+09:00,20260722-163043,provision-dr,check_eks_b_cluster,eks-b,SUCCESS,1,"completed"
2026-07-22T16:30:58+09:00,20260722-163043,provision-dr,wait_eks_b_nodes,eks-b,SUCCESS,1,"completed"
2026-07-22T16:31:01+09:00,20260722-163043,provision-dr,terraform_init_03-platform,03-platform,SUCCESS,3,"completed"
2026-07-22T16:31:07+09:00,20260722-163043,provision-dr,terraform_apply_03-platform,03-platform,SUCCESS,6,"completed"
2026-07-22T16:31:10+09:00,20260722-163043,provision-dr,terraform_init_04-eks-workloads,04-eks-workloads,SUCCESS,3,"completed"
2026-07-22T16:31:16+09:00,20260722-163043,provision-dr,terraform_apply_04-eks-workloads,04-eks-workloads,SUCCESS,6,"completed"
2026-07-22T16:31:19+09:00,20260722-163043,provision-dr,terraform_init_05-eks-autoscaling,05-eks-autoscaling,SUCCESS,3,"completed"
2026-07-22T16:31:46+09:00,20260722-163043,provision-dr,terraform_apply_05-eks-autoscaling,05-eks-autoscaling,SUCCESS,27,"completed"
2026-07-22T16:31:46+09:00,20260722-163043,provision-dr,wait_argocd_cluster_secret,onprem-argocd,SUCCESS,0,"completed"
2026-07-22T16:31:48+09:00,20260722-163043,provision-dr,apply_applicationsets,onprem-argocd,SUCCESS,1,"completed"
2026-07-22T16:37:03+09:00,20260722-163703,switch-to-onprem,check_context,eks-a,SUCCESS,0,"completed"
2026-07-22T16:37:03+09:00,20260722-163703,provision-dr,check_onprem_context,kubernetes-admin@kubernetes,SUCCESS,0,"completed"
2026-07-22T16:37:03+09:00,20260722-163703,switch-to-onprem,check_context,kubernetes-admin@kubernetes,SUCCESS,0,"completed"
2026-07-22T16:37:03+09:00,20260722-163703,provision-dr,check_onprem_cluster,kubernetes-admin@kubernetes,SUCCESS,0,"completed"
2026-07-22T16:37:03+09:00,20260722-163703,switch-to-onprem,check_onprem_cluster,kubernetes-admin@kubernetes,SUCCESS,0,"completed"
2026-07-22T16:37:08+09:00,20260722-163703,provision-dr,terraform_init_02-eks,02-eks,SUCCESS,4,"completed"
2026-07-22T16:37:08+09:00,20260722-163703,switch-to-onprem,internal_health_before_switch,onprem,SUCCESS,3,"completed"
2026-07-22T16:37:09+09:00,20260722-163703,switch-to-onprem,activate_cloudflared,onprem,SUCCESS,0,"completed"
2026-07-22T16:37:12+09:00,20260722-163703,switch-to-onprem,deactivate_cloudflared,eks-a,SUCCESS,2,"completed"
2026-07-22T16:37:13+09:00,20260722-163703,switch-to-onprem,external_health_after_switch,onprem,SUCCESS,1,"completed"
2026-07-22T16:37:14+09:00,20260722-163703,switch-to-onprem,total,switch-to-onprem,SUCCESS,11,"온프레미스 긴급 우회 완료"
2026-07-22T16:37:17+09:00,20260722-163703,provision-dr,terraform_apply_02-eks,02-eks,SUCCESS,9,"completed"
2026-07-22T16:37:19+09:00,20260722-163703,provision-dr,update_kubeconfig,eks-b,SUCCESS,1,"completed"
2026-07-22T16:37:19+09:00,20260722-163703,provision-dr,check_eks_b_context,eks-b,SUCCESS,0,"completed"
2026-07-22T16:37:20+09:00,20260722-163703,provision-dr,check_eks_b_cluster,eks-b,SUCCESS,1,"completed"
2026-07-22T16:37:21+09:00,20260722-163703,provision-dr,wait_eks_b_nodes,eks-b,SUCCESS,1,"completed"
2026-07-22T16:37:24+09:00,20260722-163703,provision-dr,terraform_init_03-platform,03-platform,SUCCESS,3,"completed"
2026-07-22T16:37:28+09:00,20260722-163703,provision-dr,terraform_apply_03-platform,03-platform,SUCCESS,4,"completed"
2026-07-22T16:37:32+09:00,20260722-163703,provision-dr,terraform_init_04-eks-workloads,04-eks-workloads,SUCCESS,4,"completed"
2026-07-22T16:37:38+09:00,20260722-163703,provision-dr,terraform_apply_04-eks-workloads,04-eks-workloads,SUCCESS,6,"completed"
2026-07-22T16:37:42+09:00,20260722-163703,provision-dr,terraform_init_05-eks-autoscaling,05-eks-autoscaling,SUCCESS,4,"completed"
2026-07-22T16:38:09+09:00,20260722-163703,provision-dr,terraform_apply_05-eks-autoscaling,05-eks-autoscaling,SUCCESS,27,"completed"
2026-07-22T16:38:09+09:00,20260722-163703,provision-dr,wait_argocd_cluster_secret,onprem-argocd,SUCCESS,0,"completed"
2026-07-22T16:38:11+09:00,20260722-163703,provision-dr,apply_applicationsets,onprem-argocd,SUCCESS,1,"completed"
2026-07-22T16:38:12+09:00,20260722-163703,provision-dr,wait_eks_b_gitops_applications,eks-b,SUCCESS,0,"completed"
2026-07-22T16:38:13+09:00,20260722-163703,provision-dr,wait_eks_b_app_pods,eks-b,FAILED,1,"exit_code=1"
2026-07-22T16:38:13+09:00,20260722-163703,provision-dr,total,provision-dr,FAILED,70,"EKS-B 애플리케이션 Pod Ready 실패"
2026-07-22T16:41:09+09:00,20260722-164109,provision-dr,check_onprem_context,kubernetes-admin@kubernetes,SUCCESS,0,"completed"
2026-07-22T16:41:09+09:00,20260722-164109,switch-to-onprem,check_context,eks-a,SUCCESS,0,"completed"
2026-07-22T16:41:09+09:00,20260722-164109,switch-to-onprem,check_context,kubernetes-admin@kubernetes,SUCCESS,0,"completed"
2026-07-22T16:41:09+09:00,20260722-164109,provision-dr,check_onprem_cluster,kubernetes-admin@kubernetes,SUCCESS,0,"completed"
2026-07-22T16:41:09+09:00,20260722-164109,switch-to-onprem,check_onprem_cluster,kubernetes-admin@kubernetes,SUCCESS,0,"completed"
2026-07-22T16:41:13+09:00,20260722-164109,provision-dr,terraform_init_02-eks,02-eks,SUCCESS,4,"completed"
2026-07-22T16:41:14+09:00,20260722-164109,switch-to-onprem,internal_health_before_switch,onprem,SUCCESS,3,"completed"
2026-07-22T16:41:15+09:00,20260722-164109,switch-to-onprem,activate_cloudflared,onprem,SUCCESS,1,"completed"
2026-07-22T16:41:17+09:00,20260722-164109,switch-to-onprem,deactivate_cloudflared,eks-a,SUCCESS,2,"completed"
2026-07-22T16:41:18+09:00,20260722-164109,switch-to-onprem,external_health_after_switch,onprem,SUCCESS,1,"completed"
2026-07-22T16:41:18+09:00,20260722-164109,switch-to-onprem,total,switch-to-onprem,SUCCESS,9,"온프레미스 긴급 우회 완료"
2026-07-22T16:41:20+09:00,20260722-164109,provision-dr,terraform_apply_02-eks,02-eks,SUCCESS,7,"completed"
2026-07-22T16:41:23+09:00,20260722-164109,provision-dr,update_kubeconfig,eks-b,SUCCESS,1,"completed"
2026-07-22T16:41:23+09:00,20260722-164109,provision-dr,check_eks_b_context,eks-b,SUCCESS,0,"completed"
2026-07-22T16:41:24+09:00,20260722-164109,provision-dr,check_eks_b_cluster,eks-b,SUCCESS,1,"completed"
2026-07-22T16:41:24+09:00,20260722-164109,provision-dr,wait_eks_b_nodes,eks-b,SUCCESS,0,"completed"
2026-07-22T16:41:27+09:00,20260722-164109,provision-dr,terraform_init_03-platform,03-platform,SUCCESS,3,"completed"
2026-07-22T16:41:33+09:00,20260722-164109,provision-dr,terraform_apply_03-platform,03-platform,SUCCESS,6,"completed"
2026-07-22T16:41:36+09:00,20260722-164109,provision-dr,terraform_init_04-eks-workloads,04-eks-workloads,SUCCESS,3,"completed"
2026-07-22T16:41:42+09:00,20260722-164109,provision-dr,terraform_apply_04-eks-workloads,04-eks-workloads,SUCCESS,6,"completed"
2026-07-22T16:41:45+09:00,20260722-164109,provision-dr,terraform_init_05-eks-autoscaling,05-eks-autoscaling,SUCCESS,3,"completed"
2026-07-22T16:42:13+09:00,20260722-164109,provision-dr,terraform_apply_05-eks-autoscaling,05-eks-autoscaling,SUCCESS,28,"completed"
2026-07-22T16:42:13+09:00,20260722-164109,provision-dr,wait_argocd_cluster_secret,onprem-argocd,SUCCESS,0,"completed"
2026-07-22T16:42:14+09:00,20260722-164109,provision-dr,apply_applicationsets,onprem-argocd,SUCCESS,1,"completed"
2026-07-22T16:42:14+09:00,20260722-164109,provision-dr,wait_eks_b_gitops_applications,eks-b,SUCCESS,0,"completed"
2026-07-22T16:42:15+09:00,20260722-164109,provision-dr,wait_eks_b_app_pods,eks-b,FAILED,1,"exit_code=1"
2026-07-22T16:42:15+09:00,20260722-164109,provision-dr,total,provision-dr,FAILED,66,"EKS-B 애플리케이션 Pod Ready 실패"
2026-07-22T16:47:15+09:00,20260722-163043,provision-dr,wait_eks_b_gitops_applications,eks-b,FAILED,927,"exit_code=1"
2026-07-22T16:47:15+09:00,20260722-163043,provision-dr,total,provision-dr,FAILED,992,"EKS-B GitOps Application 배포 실패"
2026-07-22T16:52:27+09:00,20260722-165227,switch-to-onprem,check_context,eks-a,SUCCESS,0,"completed"
2026-07-22T16:52:27+09:00,20260722-165227,provision-dr,check_onprem_context,kubernetes-admin@kubernetes,SUCCESS,0,"completed"
2026-07-22T16:52:27+09:00,20260722-165227,switch-to-onprem,check_context,kubernetes-admin@kubernetes,SUCCESS,0,"completed"
2026-07-22T16:52:27+09:00,20260722-165227,provision-dr,check_onprem_cluster,kubernetes-admin@kubernetes,SUCCESS,0,"completed"
2026-07-22T16:52:27+09:00,20260722-165227,switch-to-onprem,check_onprem_cluster,kubernetes-admin@kubernetes,SUCCESS,0,"completed"
2026-07-22T16:52:31+09:00,20260722-165227,provision-dr,terraform_init_02-eks,02-eks,SUCCESS,4,"completed"
2026-07-22T16:52:32+09:00,20260722-165227,switch-to-onprem,internal_health_before_switch,onprem,SUCCESS,3,"completed"
2026-07-22T16:52:32+09:00,20260722-165227,switch-to-onprem,activate_cloudflared,onprem,SUCCESS,0,"completed"
2026-07-22T16:52:35+09:00,20260722-165227,switch-to-onprem,deactivate_cloudflared,eks-a,SUCCESS,2,"completed"
2026-07-22T16:52:36+09:00,20260722-165227,switch-to-onprem,external_health_after_switch,onprem,SUCCESS,1,"completed"
2026-07-22T16:52:36+09:00,20260722-165227,switch-to-onprem,total,switch-to-onprem,SUCCESS,9,"온프레미스 긴급 우회 완료"
2026-07-22T16:52:38+09:00,20260722-165227,provision-dr,terraform_apply_02-eks,02-eks,SUCCESS,7,"completed"
2026-07-22T16:52:40+09:00,20260722-165227,provision-dr,update_kubeconfig,eks-b,SUCCESS,1,"completed"
2026-07-22T16:52:40+09:00,20260722-165227,provision-dr,check_eks_b_context,eks-b,SUCCESS,0,"completed"
2026-07-22T16:52:41+09:00,20260722-165227,provision-dr,check_eks_b_cluster,eks-b,SUCCESS,1,"completed"
2026-07-22T16:52:42+09:00,20260722-165227,provision-dr,wait_eks_b_nodes,eks-b,SUCCESS,1,"completed"
2026-07-22T16:52:44+09:00,20260722-165227,provision-dr,terraform_init_03-platform,03-platform,SUCCESS,2,"completed"
2026-07-22T16:52:49+09:00,20260722-165227,provision-dr,terraform_apply_03-platform,03-platform,SUCCESS,5,"completed"
2026-07-22T16:52:51+09:00,20260722-165227,provision-dr,terraform_init_04-eks-workloads,04-eks-workloads,SUCCESS,2,"completed"
2026-07-22T16:52:57+09:00,20260722-165227,provision-dr,terraform_apply_04-eks-workloads,04-eks-workloads,SUCCESS,6,"completed"
2026-07-22T16:53:00+09:00,20260722-165227,provision-dr,terraform_init_05-eks-autoscaling,05-eks-autoscaling,SUCCESS,3,"completed"
2026-07-22T16:53:27+09:00,20260722-165227,provision-dr,terraform_apply_05-eks-autoscaling,05-eks-autoscaling,SUCCESS,27,"completed"
2026-07-22T16:53:27+09:00,20260722-165227,provision-dr,wait_argocd_cluster_secret,onprem-argocd,SUCCESS,0,"completed"
2026-07-22T16:53:28+09:00,20260722-165227,provision-dr,apply_applicationsets,onprem-argocd,SUCCESS,1,"completed"
2026-07-22T16:53:28+09:00,20260722-165227,provision-dr,wait_eks_b_gitops_applications,eks-b,SUCCESS,0,"completed"
2026-07-22T16:53:35+09:00,20260722-165227,provision-dr,activate_eks_b_applications,eks-b,SUCCESS,7,"completed"
2026-07-22T16:53:35+09:00,20260722-165227,provision-dr,wait_eks_b_app_pods,eks-b,FAILED,0,"exit_code=1"
2026-07-22T16:53:35+09:00,20260722-165227,provision-dr,total,provision-dr,FAILED,68,"EKS-B 애플리케이션 Pod Ready 실패"
2026-07-22T16:56:09+09:00,20260722-165609,switch-to-onprem,check_context,eks-a,SUCCESS,0,"completed"
2026-07-22T16:56:09+09:00,20260722-165609,provision-dr,check_onprem_context,kubernetes-admin@kubernetes,SUCCESS,0,"completed"
2026-07-22T16:56:09+09:00,20260722-165609,switch-to-onprem,check_context,kubernetes-admin@kubernetes,SUCCESS,0,"completed"
2026-07-22T16:56:09+09:00,20260722-165609,provision-dr,check_onprem_cluster,kubernetes-admin@kubernetes,SUCCESS,0,"completed"
2026-07-22T16:56:09+09:00,20260722-165609,switch-to-onprem,check_onprem_cluster,kubernetes-admin@kubernetes,SUCCESS,0,"completed"
2026-07-22T16:56:14+09:00,20260722-165609,provision-dr,terraform_init_02-eks,02-eks,SUCCESS,5,"completed"
2026-07-22T16:56:15+09:00,20260722-165609,switch-to-onprem,internal_health_before_switch,onprem,SUCCESS,4,"completed"
2026-07-22T16:56:15+09:00,20260722-165609,switch-to-onprem,activate_cloudflared,onprem,SUCCESS,0,"completed"
2026-07-22T16:56:18+09:00,20260722-165609,switch-to-onprem,deactivate_cloudflared,eks-a,SUCCESS,2,"completed"
2026-07-22T16:56:19+09:00,20260722-165609,switch-to-onprem,external_health_after_switch,onprem,SUCCESS,1,"completed"
2026-07-22T16:56:19+09:00,20260722-165609,switch-to-onprem,total,switch-to-onprem,SUCCESS,10,"온프레미스 긴급 우회 완료"
2026-07-22T16:56:22+09:00,20260722-165609,provision-dr,terraform_apply_02-eks,02-eks,SUCCESS,8,"completed"
2026-07-22T16:56:25+09:00,20260722-165609,provision-dr,update_kubeconfig,eks-b,SUCCESS,1,"completed"
2026-07-22T16:56:25+09:00,20260722-165609,provision-dr,check_eks_b_context,eks-b,SUCCESS,0,"completed"
2026-07-22T16:56:26+09:00,20260722-165609,provision-dr,check_eks_b_cluster,eks-b,SUCCESS,1,"completed"
2026-07-22T16:56:27+09:00,20260722-165609,provision-dr,wait_eks_b_nodes,eks-b,SUCCESS,1,"completed"
2026-07-22T16:56:30+09:00,20260722-165609,provision-dr,terraform_init_03-platform,03-platform,SUCCESS,3,"completed"
2026-07-22T16:56:35+09:00,20260722-165609,provision-dr,terraform_apply_03-platform,03-platform,SUCCESS,5,"completed"
2026-07-22T16:56:38+09:00,20260722-165609,provision-dr,terraform_init_04-eks-workloads,04-eks-workloads,SUCCESS,3,"completed"
2026-07-22T16:56:44+09:00,20260722-165609,provision-dr,terraform_apply_04-eks-workloads,04-eks-workloads,SUCCESS,6,"completed"
2026-07-22T16:56:46+09:00,20260722-165609,provision-dr,terraform_init_05-eks-autoscaling,05-eks-autoscaling,SUCCESS,2,"completed"
2026-07-22T16:57:13+09:00,20260722-165609,provision-dr,terraform_apply_05-eks-autoscaling,05-eks-autoscaling,SUCCESS,27,"completed"
2026-07-22T16:57:13+09:00,20260722-165609,provision-dr,wait_argocd_cluster_secret,onprem-argocd,SUCCESS,0,"completed"
2026-07-22T16:57:15+09:00,20260722-165609,provision-dr,apply_applicationsets,onprem-argocd,SUCCESS,1,"completed"
2026-07-22T16:57:16+09:00,20260722-165609,provision-dr,wait_eks_b_gitops_applications,eks-b,SUCCESS,1,"completed"
2026-07-22T16:57:24+09:00,20260722-165609,provision-dr,activate_eks_b_applications,eks-b,SUCCESS,8,"completed"
2026-07-22T16:57:24+09:00,20260722-165609,provision-dr,wait_eks_b_app_pods,eks-b,FAILED,0,"exit_code=1"
2026-07-22T16:57:24+09:00,20260722-165609,provision-dr,total,provision-dr,FAILED,75,"EKS-B 애플리케이션 Pod Ready 실패"
2026-07-22T16:58:07+09:00,20260722-165807,switch-to-onprem,check_context,eks-a,SUCCESS,0,"completed"
2026-07-22T16:58:07+09:00,20260722-165807,provision-dr,check_onprem_context,kubernetes-admin@kubernetes,SUCCESS,0,"completed"
2026-07-22T16:58:07+09:00,20260722-165807,switch-to-onprem,check_context,kubernetes-admin@kubernetes,SUCCESS,0,"completed"
2026-07-22T16:58:07+09:00,20260722-165807,provision-dr,check_onprem_cluster,kubernetes-admin@kubernetes,SUCCESS,0,"completed"
2026-07-22T16:58:07+09:00,20260722-165807,switch-to-onprem,check_onprem_cluster,kubernetes-admin@kubernetes,SUCCESS,0,"completed"
2026-07-22T16:58:12+09:00,20260722-165807,provision-dr,terraform_init_02-eks,02-eks,SUCCESS,5,"completed"
2026-07-22T16:58:13+09:00,20260722-165807,switch-to-onprem,internal_health_before_switch,onprem,SUCCESS,3,"completed"
2026-07-22T16:58:13+09:00,20260722-165807,switch-to-onprem,activate_cloudflared,onprem,SUCCESS,0,"completed"
2026-07-22T16:58:17+09:00,20260722-165807,switch-to-onprem,deactivate_cloudflared,eks-a,SUCCESS,3,"completed"
2026-07-22T16:58:18+09:00,20260722-165807,switch-to-onprem,external_health_after_switch,onprem,SUCCESS,1,"completed"
2026-07-22T16:58:18+09:00,20260722-165807,switch-to-onprem,total,switch-to-onprem,SUCCESS,11,"온프레미스 긴급 우회 완료"
2026-07-22T16:58:21+09:00,20260722-165807,provision-dr,terraform_apply_02-eks,02-eks,SUCCESS,9,"completed"
2026-07-22T16:58:23+09:00,20260722-165807,provision-dr,update_kubeconfig,eks-b,SUCCESS,1,"completed"
2026-07-22T16:58:23+09:00,20260722-165807,provision-dr,check_eks_b_context,eks-b,SUCCESS,0,"completed"
2026-07-22T16:58:24+09:00,20260722-165807,provision-dr,check_eks_b_cluster,eks-b,SUCCESS,1,"completed"
2026-07-22T16:58:25+09:00,20260722-165807,provision-dr,wait_eks_b_nodes,eks-b,SUCCESS,1,"completed"
2026-07-22T16:58:27+09:00,20260722-165807,provision-dr,terraform_init_03-platform,03-platform,SUCCESS,2,"completed"
2026-07-22T16:58:32+09:00,20260722-165807,provision-dr,terraform_apply_03-platform,03-platform,SUCCESS,5,"completed"
2026-07-22T16:58:36+09:00,20260722-165807,provision-dr,terraform_init_04-eks-workloads,04-eks-workloads,SUCCESS,4,"completed"
2026-07-22T16:58:41+09:00,20260722-165807,provision-dr,terraform_apply_04-eks-workloads,04-eks-workloads,SUCCESS,5,"completed"
2026-07-22T16:58:44+09:00,20260722-165807,provision-dr,terraform_init_05-eks-autoscaling,05-eks-autoscaling,SUCCESS,2,"completed"
2026-07-22T16:59:12+09:00,20260722-165807,provision-dr,terraform_apply_05-eks-autoscaling,05-eks-autoscaling,SUCCESS,28,"completed"
2026-07-22T16:59:12+09:00,20260722-165807,provision-dr,wait_argocd_cluster_secret,onprem-argocd,SUCCESS,0,"completed"
2026-07-22T16:59:13+09:00,20260722-165807,provision-dr,apply_applicationsets,onprem-argocd,SUCCESS,1,"completed"
2026-07-22T16:59:13+09:00,20260722-165807,provision-dr,wait_eks_b_gitops_applications,eks-b,SUCCESS,0,"completed"
2026-07-22T16:59:20+09:00,20260722-165807,provision-dr,activate_eks_b_applications,eks-b,SUCCESS,7,"completed"
2026-07-22T17:05:47+09:00,20260722-165807,provision-dr,wait_eks_b_app_pods,eks-b,FAILED,387,"exit_code=1"
2026-07-22T17:05:47+09:00,20260722-165807,provision-dr,total,provision-dr,FAILED,460,"EKS-B 애플리케이션 Pod Ready 실패"
2026-07-22T17:08:12+09:00,20260722-170812,provision-dr,check_onprem_context,kubernetes-admin@kubernetes,SUCCESS,0,"completed"
2026-07-22T17:08:12+09:00,20260722-170812,switch-to-onprem,check_context,eks-a,SUCCESS,0,"completed"
2026-07-22T17:08:12+09:00,20260722-170812,switch-to-onprem,check_context,kubernetes-admin@kubernetes,SUCCESS,0,"completed"
2026-07-22T17:08:12+09:00,20260722-170812,provision-dr,check_onprem_cluster,kubernetes-admin@kubernetes,SUCCESS,0,"completed"
2026-07-22T17:08:12+09:00,20260722-170812,switch-to-onprem,check_onprem_cluster,kubernetes-admin@kubernetes,SUCCESS,0,"completed"
2026-07-22T17:08:17+09:00,20260722-170812,provision-dr,terraform_init_02-eks,02-eks,SUCCESS,5,"completed"
2026-07-22T17:08:18+09:00,20260722-170812,switch-to-onprem,internal_health_before_switch,onprem,SUCCESS,3,"completed"
2026-07-22T17:08:19+09:00,20260722-170812,switch-to-onprem,activate_cloudflared,onprem,SUCCESS,1,"completed"
2026-07-22T17:08:23+09:00,20260722-170812,switch-to-onprem,deactivate_cloudflared,eks-a,SUCCESS,3,"completed"
2026-07-22T17:08:24+09:00,20260722-170812,switch-to-onprem,external_health_after_switch,onprem,SUCCESS,1,"completed"
2026-07-22T17:08:24+09:00,20260722-170812,switch-to-onprem,total,switch-to-onprem,SUCCESS,12,"온프레미스 긴급 우회 완료"
2026-07-22T17:08:26+09:00,20260722-170812,provision-dr,terraform_apply_02-eks,02-eks,SUCCESS,9,"completed"
2026-07-22T17:08:28+09:00,20260722-170812,provision-dr,update_kubeconfig,eks-b,SUCCESS,1,"completed"
2026-07-22T17:08:28+09:00,20260722-170812,provision-dr,check_eks_b_context,eks-b,SUCCESS,0,"completed"
2026-07-22T17:08:29+09:00,20260722-170812,provision-dr,check_eks_b_cluster,eks-b,SUCCESS,1,"completed"
2026-07-22T17:08:30+09:00,20260722-170812,provision-dr,wait_eks_b_nodes,eks-b,SUCCESS,1,"completed"
2026-07-22T17:08:33+09:00,20260722-170812,provision-dr,terraform_init_03-platform,03-platform,SUCCESS,3,"completed"
2026-07-22T17:08:38+09:00,20260722-170812,provision-dr,terraform_apply_03-platform,03-platform,SUCCESS,5,"completed"
2026-07-22T17:08:41+09:00,20260722-170812,provision-dr,terraform_init_04-eks-workloads,04-eks-workloads,SUCCESS,3,"completed"
2026-07-22T17:08:48+09:00,20260722-170812,provision-dr,terraform_apply_04-eks-workloads,04-eks-workloads,SUCCESS,7,"completed"
2026-07-22T17:08:50+09:00,20260722-170812,provision-dr,terraform_init_05-eks-autoscaling,05-eks-autoscaling,SUCCESS,2,"completed"
2026-07-22T17:09:18+09:00,20260722-170812,provision-dr,terraform_apply_05-eks-autoscaling,05-eks-autoscaling,SUCCESS,28,"completed"
2026-07-22T17:09:18+09:00,20260722-170812,provision-dr,wait_argocd_cluster_secret,onprem-argocd,SUCCESS,0,"completed"
2026-07-22T17:09:19+09:00,20260722-170812,provision-dr,apply_applicationsets,onprem-argocd,SUCCESS,1,"completed"
